{
  "generated_at_utc": "2026-07-22T01:18:13.870880Z",
  "conclusion": "DOES_NOT_SUPPORT",
  "stopped_after": "development",
  "gate_status": "FAIL",
  "failed_checks": [
    "base_total_positive",
    "stress_total_positive",
    "stress_after_hurdle_positive",
    "each_full_year_base_positive",
    "daily_drawdown_above_minus_15pct",
    "selection_bootstrap_lower_positive",
    "largest_positive_pnl_share_at_most_half"
  ],
  "main": {
    "weeks": 104,
    "legs": 104,
    "funding_events": 2184,
    "selection_counts": {
      "BTCUSDT": 10,
      "ETHUSDT": 7,
      "BNBUSDT": 13,
      "XRPUSDT": 19,
      "DOGEUSDT": 30,
      "ADAUSDT": 25
    },
    "maximum_vectorbt_reconciliation_error": 6.938893903907228e-17,
    "by_year": {
      "2021": -0.3573914128442506,
      "2022": 0.25455340723093234
    },
    "by_symbol": {
      "BTCUSDT": 0.08586207032208029,
      "ETHUSDT": -0.08023418643326938,
      "BNBUSDT": -0.25169755966908514,
      "XRPUSDT": -0.3042655746560242,
      "DOGEUSDT": 0.23799942040455965,
      "ADAUSDT": 0.15170815099104354
    },
    "scenarios": {
      "favorable": {
        "total_return": -0.15042513246307154,
        "annualized_return": -0.0784825197558473,
        "daily_max_drawdown": -0.4055689217591707,
        "weekly_mean_bootstrap_95pct": [
          -0.0068138586972788006,
          0.004375071345431381
        ],
        "return_after_4pct_annual_hurdle": -0.21435145376511922,
        "arithmetic_sum": -0.10844347615615724
      },
      "base": {
        "total_return": -0.19381320746789943,
        "annualized_return": -0.10238662116755959,
        "daily_max_drawdown": -0.4181617641276639,
        "weekly_mean_bootstrap_95pct": [
          -0.007321239005404239,
          0.00387888947888277
        ],
        "return_after_4pct_annual_hurdle": -0.254474789981855,
        "arithmetic_sum": -0.16062767904069522
      },
      "stress": {
        "total_return": -0.2899781841584811,
        "annualized_return": -0.15776836612241307,
        "daily_max_drawdown": -0.4618038205277176,
        "weekly_mean_bootstrap_95pct": [
          -0.008670062652170183,
          0.0028264078728444412
        ],
        "return_after_4pct_annual_hurdle": -0.34340382616521725,
        "arithmetic_sum": -0.28572407500939456
      }
    },
    "largest_positive_pnl_share": 0.5004512473608341,
    "gross_selection_return": {
      "mean": 0.004344557939580019,
      "total_arithmetic": 0.4518340257163219,
      "bootstrap_95pct": [
        -0.001376297432436218,
        0.011144252171579133
      ],
      "positive_weeks_fraction": 0.5576923076923077
    }
  },
  "diagnostics": {
    "formation_14d": {
      "weeks": 104,
      "legs": 104,
      "funding_events": 2184,
      "selection_counts": {
        "BTCUSDT": 9,
        "ETHUSDT": 13,
        "BNBUSDT": 8,
        "XRPUSDT": 16,
        "DOGEUSDT": 30,
        "ADAUSDT": 28
      },
      "maximum_vectorbt_reconciliation_error": 7.155734338404329e-17,
      "by_year": {
        "2021": -0.3795573486452125,
        "2022": 0.29819296731169165
      },
      "by_symbol": {
        "BTCUSDT": 0.09951454277083915,
        "ETHUSDT": 0.03617378809623379,
        "BNBUSDT": -0.16026649301395296,
        "XRPUSDT": -0.01727247646323378,
        "DOGEUSDT": 0.1007276815082832,
        "ADAUSDT": -0.19154176760251118
      },
      "scenarios": {
        "favorable": {
          "total_return": -0.15115252546806335,
          "annualized_return": -0.07887818259244828,
          "daily_max_drawdown": -0.4334000173474354,
          "weekly_mean_bootstrap_95pct": [
            -0.007230554371758433,
            0.005234575490388626
          ],
          "return_after_4pct_annual_hurdle": -0.21502411403174182,
          "arithmetic_sum": -0.08050858212282155
        },
        "base": {
          "total_return": -0.1945457133909957,
          "annualized_return": -0.10279562245694263,
          "daily_max_drawdown": -0.4435057978839497,
          "weekly_mean_bootstrap_95pct": [
            -0.007738642409274875,
            0.004739521584025328
          ],
          "return_after_4pct_annual_hurdle": -0.25515217844469584,
          "arithmetic_sum": -0.13266472470434174
        },
        "stress": {
          "total_return": -0.28907585476431896,
          "annualized_return": -0.15723189183599462,
          "daily_max_drawdown": -0.4802665905781085,
          "weekly_mean_bootstrap_95pct": [
            -0.00911684195192057,
            0.0037635494496604453
          ],
          "return_after_4pct_annual_hurdle": -0.34256939261046326,
          "arithmetic_sum": -0.2553947104140638
        }
      },
      "largest_positive_pnl_share": 0.4260611643696897,
      "gross_selection_return": {
        "mean": 0.004614206756232653,
        "total_arithmetic": 0.4798775026481959,
        "bootstrap_95pct": [
          -0.00019190238778572265,
          0.00988739334845133
        ],
        "positive_weeks_fraction": 0.5769230769230769
      }
    },
    "bottom_2": {
      "weeks": 104,
      "legs": 208,
      "funding_events": 4368,
      "selection_counts": {
        "BTCUSDT": 27,
        "ETHUSDT": 26,
        "BNBUSDT": 26,
        "XRPUSDT": 41,
        "DOGEUSDT": 45,
        "ADAUSDT": 43
      },
      "maximum_vectorbt_reconciliation_error": 3.729655473350135e-17,
      "by_year": {
        "2021": -0.37971806362776606,
        "2022": 0.22079384414348646
      },
      "by_symbol": {
        "BTCUSDT": 0.06781246277533803,
        "ETHUSDT": 0.003347133444476667,
        "BNBUSDT": -0.1012836839207751,
        "XRPUSDT": -0.1881433743326739,
        "DOGEUSDT": 0.08462098610589788,
        "ADAUSDT": -0.08412046947151262
      },
      "scenarios": {
        "favorable": {
          "total_return": -0.2019334099390716,
          "annualized_return": -0.10693102283700717,
          "daily_max_drawdown": -0.42734134755819164,
          "weekly_mean_bootstrap_95pct": [
            -0.00804219705701122,
            0.004235148714495785
          ],
          "return_after_4pct_annual_hurdle": -0.26198398724083827,
          "arithmetic_sum": -0.16553294003745375
        },
        "base": {
          "total_return": -0.24276363044337512,
          "annualized_return": -0.13013903666921833,
          "daily_max_drawdown": -0.44043453070803684,
          "weekly_mean_bootstrap_95pct": [
            -0.008551114113219408,
            0.0037391468860062047
          ],
          "return_after_4pct_annual_hurdle": -0.2997419349007734,
          "arithmetic_sum": -0.2177669453992491
        },
        "stress": {
          "total_return": -0.33019097962493293,
          "annualized_return": -0.18203180444160572,
          "daily_max_drawdown": -0.48306277881322857,
          "weekly_mean_bootstrap_95pct": [
            -0.00986426670775711,
            0.002759978026970084
          ],
          "return_after_4pct_annual_hurdle": -0.38059080697816516,
          "arithmetic_sum": -0.3384375121650409
        }
      },
      "largest_positive_pnl_share": 0.5432062510138059,
      "gross_selection_return": {
        "mean": 0.00386597511564683,
        "total_arithmetic": 0.4020614120272703,
        "bootstrap_95pct": [
          -0.0001251586327662617,
          0.009007826046376328
        ],
        "positive_weeks_fraction": 0.5480769230769231
      }
    },
    "equal_weight_short": {
      "weeks": 104,
      "legs": 624,
      "funding_events": 13104,
      "selection_counts": {
        "BTCUSDT": 104,
        "ETHUSDT": 104,
        "BNBUSDT": 104,
        "XRPUSDT": 104,
        "DOGEUSDT": 104,
        "ADAUSDT": 104
      },
      "maximum_vectorbt_reconciliation_error": 2.7755575615628914e-17,